HelloIDLookupKey;AccessProfileName;AccessProfileId
Tester;Floor.1;51ee893c-bb6e-4a65-b852-f79d09e242b1
ADMIN;ALL;759e0521-32a2-43d2-b0d7-585001743b64
SUPPORT;Floor.3;ababca14-9608-4e4f-93be-0bd8cc4814cd
SALES;Floor.2;8b32bb39-5e9f-459b-8bf1-a864c35b3f79
Consultant Software;Floor.2;8b32bb39-5e9f-459b-8bf1-a864c35b3f79
Manager;Floor.2;8b32bb39-5e9f-459b-8bf1-a864c35b3f79
Medewerker Helpdesk Software;Floor.2;8b32bb39-5e9f-459b-8bf1-a864c35b3f79
Medewerker Verkoop Binnendienst;Floor.2;8b32bb39-5e9f-459b-8bf1-a864c35b3f79





